id,lastname,firstname,gender,birth_day,birth_month,birth_year,country,address,postcode,city,phone,mobile,email,swim_group,renew,lastname_leg,firstname_leg,parent_leg,address_leg,postcode_leg,city_leg,phone_leg,mobile_leg,email_leg,name_urg,phone_urg,mobile_urg,name_adh1,group_adh1,name_adh2,group_adh2,exported
53,letalleur,wendy,female,14,2,2002,francaise,"8 bis allée du bel air",93340,"le raincy",0143011960,0617041042,fredetdoris@gmail.com,11,1,"lassalle ",doris,mere,"8 bis allée du bel air",93340,"le raincy",0143011960,0618804316,fredetdoris@gmail.com,lassalle,0664740153,0618804316,,0,,0,0
54,boudjeloud,"allaoua bilal",male,6,5,2007,française,"49 allée Emile MARAIS",93190,"Livry gargan",,0650175375,r.boudjeloud@yahoo.fr,7,1,boudjloud,rachid,pére,"49 allée Emile MARAIS",93190,"Livry gargan",,0650175375,r.boudjeloud@yahoo.fr,boudjeloud,0952812968,0650175375,,0,,0,0
55,Mallet,Sacha,male,28,2,2006,France,"10 allée Louis calmanovic",93320,"Les pavillons sous bois",0663843800,0663843800,jonathan.mallet7@gmail.com,5,1,Mallet,Jonathan,"Père ","10 allée Louis calmanovic",93320,"Les pavillons sous bois",,,jonathan.mallet7@gmail.com,Mallet,0663843800,0663843800,,0,,0,0
